Order_ID,Product_Category,Product_Price,Discount_Percentage,Customer_Type,Advertisement_Budget,Customer_Rating,Delivery_Time,Items_Sold,Revenue
1001,Toys,5354,14,New,2774,4.5,4,75,345333.0
1002,Home Decor,52829,5,New,11651,4.6,1,6,301125.3
1003,Sports,57382,7,Premium,1935,4.8,1,60,3201915.5999999996
1004,Toys,43588,26,Premium,14395,4.1,3,64,2064327.68
1005,Grocery,51832,4,Regular,14424,4.0,5,27,1343485.44
1006,Sports,38160,15,Premium,4808,4.0,6,44,1427184.0
1007,Sports,40311,25,Regular,1331,4.6,6,68,2055861.0
1008,Toys,49789,17,Regular,12641,4.7,3,89,3677913.4299999997
1009,Fashion,55979,5,Premium,8922,3.8,6,27,1435861.3499999999
1010,Grocery,20356,4,Regular,3702,4.1,1,33,644878.08
1011,Toys,22333,27,Premium,13198,4.9,4,82,1336853.38
1012,Grocery,52484,15,Regular,6889,4.7,6,94,4193471.6
1013,Grocery,20463,12,Premium,6054,5.0,3,55,990409.2
1014,Sports,55623,27,Premium,4868,4.6,5,73,2964149.67
1015,Home Decor,37432,4,Regular,5200,4.1,3,99,3557537.28
1016,Grocery,27669,12,New,1201,4.4,2,93,2264430.96
1017,Books,8441,16,Regular,3497,4.5,3,35,248165.4
1018,Sports,14888,17,Premium,2842,3.6,1,54,667280.1599999999
1019,Fashion,6069,7,New,11058,4.3,4,24,135460.08
1020,Home Decor,4800,12,Regular,11188,4.6,4,59,249216.0
1021,Books,39537,29,Regular,14577,3.8,6,85,2386057.9499999997
1022,Books,37086,28,Regular,10101,4.7,1,6,160211.52
1023,Fashion,12515,18,New,13497,4.4,2,29,297606.7
1024,Home Decor,45502,25,Premium,5658,4.9,1,17,580150.5
1025,Sports,51558,2,Regular,12381,3.6,3,96,4850576.64
1026,Electronics,6754,23,Regular,8544,3.9,1,74,384842.92
1027,Home Decor,17644,7,Regular,8718,4.4,1,71,1165033.3199999998
1028,Fashion,24714,1,Regular,14851,3.9,2,62,1516945.32
1029,Books,40618,7,Regular,1770,4.6,3,86,3248627.6399999997
1030,Sports,15683,26,Premium,4155,4.6,5,79,916828.1799999999
1031,Home Decor,6738,12,Premium,11693,3.7,5,88,521790.72000000003
1032,Electronics,6590,12,Regular,11906,4.3,4,68,394345.6
1033,Electronics,12137,0,New,13916,4.3,6,73,886001.0
1034,Grocery,22915,5,Premium,12777,4.1,1,87,1893924.75
1035,Grocery,24571,23,New,2628,4.9,4,90,1702770.3
1036,Toys,58743,18,Premium,14989,4.7,2,63,3034663.3800000004
1037,Fashion,45915,15,Regular,1386,4.5,5,64,2497776.0
1038,Home Decor,43179,7,Premium,7031,4.6,1,87,3493612.8899999997
1039,Home Decor,41740,27,Regular,12613,4.2,2,66,2011033.2
1040,Toys,18771,0,Premium,7439,4.9,6,20,375420.0
1041,Books,36534,26,Regular,7401,4.5,2,92,2487234.7199999997
1042,Books,33934,26,Regular,14392,4.6,1,72,1808003.52
1043,Toys,4688,15,Regular,5008,4.8,6,19,75711.2
1044,Books,50323,8,Regular,13285,3.9,2,93,4305635.88
1045,Grocery,10661,12,New,13555,4.7,6,59,553519.12
1046,Home Decor,29232,10,Regular,3466,3.8,1,39,1026043.2000000001
1047,Toys,56429,12,New,3282,4.0,1,59,2929793.68
1048,Home Decor,11814,24,New,2856,4.0,6,18,161615.52
1049,Electronics,24454,20,Regular,8980,5.0,3,53,1036849.6000000001
1050,Grocery,57608,9,New,2998,4.8,4,87,4560825.36
1051,Sports,22008,3,Premium,6476,4.6,2,11,234825.36
1052,Grocery,22469,26,Regular,10428,4.6,2,34,565320.04
1053,Toys,46159,5,New,5669,4.3,3,87,3815041.3499999996
1054,Sports,38045,27,Regular,13336,4.9,3,53,1471961.05
1055,Electronics,37168,6,Regular,10342,4.2,3,93,3249226.5599999996
1056,Toys,23561,4,Regular,5318,4.1,5,20,452371.2
1057,Fashion,14216,10,New,8064,3.7,5,55,703692.0
1058,Home Decor,40249,12,Premium,8446,4.7,6,76,2691853.12
1059,Electronics,39644,25,Premium,2431,4.6,5,86,2557038.0
1060,Home Decor,17407,24,New,6624,4.1,1,96,1270014.72
1061,Books,19277,18,Regular,8461,3.5,6,84,1327799.76
1062,Fashion,28193,22,New,2819,4.8,2,87,1913176.98
1063,Fashion,52245,9,New,11516,3.5,4,46,2186975.7
1064,Electronics,43428,9,New,14749,4.6,1,21,829909.0800000001
1065,Fashion,26829,10,Regular,2130,5.0,2,67,1617788.7
1066,Sports,47392,20,New,14969,4.2,2,49,1857766.4000000001
1067,Fashion,16782,29,Regular,7563,3.9,6,81,965132.82
1068,Home Decor,24124,6,New,3658,4.6,3,11,249442.15999999997
1069,Home Decor,23821,17,Premium,4500,4.7,3,31,612914.33
1070,Toys,10988,3,New,9566,4.3,1,14,149217.04
1071,Home Decor,23074,1,New,3120,5.0,3,38,868043.88
1072,Toys,5740,13,Premium,5020,3.6,2,40,199752.0
1073,Home Decor,43721,12,Regular,11213,4.3,3,29,1115759.92
1074,Sports,10978,28,Regular,12897,4.6,5,10,79041.59999999999
1075,Toys,56145,11,New,14341,4.8,3,28,1399133.4
1076,Grocery,45662,6,Premium,4259,3.8,2,22,944290.1599999999
1077,Books,19762,1,Regular,12627,4.7,6,91,1780358.58
1078,Electronics,53795,12,New,11081,4.3,1,10,473396.0
1079,Home Decor,53296,13,Premium,2823,4.1,4,33,1530128.16
1080,Fashion,4932,26,Regular,2474,3.7,3,29,105840.72
1081,Home Decor,30221,16,Regular,3242,4.8,2,59,1497752.76
1082,Fashion,14068,8,Premium,14467,3.7,4,85,1100117.6
1083,Books,59899,16,Premium,4243,4.0,4,50,2515758.0
1084,Books,14678,7,Premium,7990,3.9,5,28,382215.12
1085,Books,50928,1,Premium,6160,4.8,4,79,3983078.88
1086,Fashion,22695,27,New,4134,4.5,6,30,497020.5
1087,Home Decor,802,23,Premium,3070,4.7,2,32,19761.28
1088,Books,17522,12,Regular,1359,3.9,2,7,107935.52
1089,Sports,555,2,Regular,11233,4.4,3,79,42968.1
1090,Toys,46281,15,New,2141,4.4,3,42,1652231.7
1091,Fashion,9217,5,Regular,2635,4.7,3,65,569149.75
1092,Fashion,29199,18,Regular,14691,4.9,6,82,1963340.7600000002
1093,Home Decor,8650,29,Premium,5000,3.5,4,55,337782.5
1094,Fashion,2625,6,Regular,11135,4.5,4,94,231945.0
1095,Fashion,44747,9,New,13966,3.6,5,52,2117428.04
1096,Books,49013,8,Premium,4361,4.3,6,25,1127299.0
1097,Home Decor,17248,1,Premium,7583,3.9,3,58,990380.16
1098,Books,40077,27,New,8835,4.0,1,60,1755372.5999999999
1099,Toys,5121,27,Premium,12172,4.0,5,98,366356.33999999997
1100,Toys,15534,14,Premium,1006,4.4,1,63,841632.12
1101,Books,46891,29,New,4267,4.0,4,76,2530238.36
1102,Toys,5626,4,Premium,7564,4.6,5,55,297052.8
1103,Home Decor,5622,28,New,10783,4.1,5,24,97148.16
1104,Electronics,18530,21,New,5928,3.6,2,90,1317483.0
1105,Books,17802,3,Regular,12456,4.7,4,63,1087880.22
1106,Sports,19681,19,Regular,3606,3.9,4,75,1195620.75
1107,Sports,56158,3,Premium,12411,4.1,6,13,708152.38
1108,Fashion,39138,17,Premium,6906,4.5,5,5,162422.69999999998
1109,Toys,2031,3,New,4273,4.0,4,33,65012.31
1110,Sports,41440,26,Premium,8611,3.6,5,67,2054595.2
1111,Fashion,52997,16,New,1913,4.1,6,76,3383328.48
1112,Electronics,40941,11,New,3011,4.9,6,60,2186249.4
1113,Home Decor,23833,21,Premium,2442,4.5,2,72,1355621.04
1114,Home Decor,40150,16,New,6546,4.5,5,39,1315314.0
1115,Home Decor,35174,9,Regular,12246,4.4,4,7,224058.38
1116,Sports,36354,21,Premium,14790,3.8,4,11,315916.26
1117,Electronics,46771,0,Regular,12738,4.1,5,31,1449901.0
1118,Sports,8652,21,Premium,13413,4.6,5,5,34175.4
1119,Toys,39018,25,New,14104,3.7,5,95,2780032.5
1120,Sports,46040,23,Premium,12120,3.9,3,84,2977867.2
1121,Electronics,10767,26,Regular,2829,3.9,4,75,597568.5
1122,Electronics,25789,17,New,9767,4.1,6,48,1027433.7599999999
1123,Toys,1562,17,Premium,7468,5.0,4,91,117977.86
1124,Electronics,51628,13,Premium,14703,3.6,3,45,2021236.2
1125,Electronics,50948,14,Premium,1929,4.3,5,79,3461407.12
1126,Home Decor,30426,28,Regular,12951,3.8,2,46,1007709.12
1127,Toys,6729,11,Regular,4699,5.0,5,37,221585.97
1128,Grocery,57293,3,Premium,10655,3.7,5,54,3001007.34
1129,Grocery,49777,26,New,12467,4.1,3,67,2467943.66
1130,Electronics,48415,2,New,14120,4.6,4,41,1945314.7
1131,Grocery,5132,19,Regular,2054,4.6,5,63,261885.96000000002
1132,Grocery,39556,28,New,6744,4.1,4,85,2420827.1999999997
1133,Electronics,4096,11,Regular,2900,4.0,1,52,189562.88
1134,Grocery,44743,6,Premium,10649,4.1,6,9,378525.77999999997
1135,Sports,6668,28,Regular,7980,3.9,4,52,249649.91999999998
1136,Fashion,43063,10,Regular,8069,3.8,2,7,271296.9
1137,Toys,8061,0,Premium,10591,4.2,6,51,411111.0
1138,Fashion,8758,5,New,4415,3.9,2,66,549126.6
1139,Electronics,17116,14,Regular,1442,3.9,5,18,264955.68
1140,Home Decor,59013,14,Regular,12842,4.5,6,67,3400329.06
1141,Toys,27234,18,Premium,7218,5.0,4,65,1451572.2000000002
1142,Electronics,6871,10,New,5652,4.4,6,35,216436.5
1143,Home Decor,53858,25,Regular,8939,3.6,5,99,3998956.5
1144,Fashion,26569,22,Premium,8833,3.6,3,21,435200.22000000003
1145,Electronics,14869,25,Regular,10370,4.9,2,28,312249.0
1146,Toys,13410,1,Premium,8597,3.9,5,27,358449.3
1147,Toys,8443,13,New,5458,3.6,3,86,631705.26
1148,Books,12699,1,New,7591,4.4,6,54,678888.54
1149,Sports,16228,28,New,10449,4.4,6,82,958101.12
1150,Grocery,23775,3,New,12826,4.5,5,83,1914125.25
1151,Home Decor,7238,16,Regular,11033,3.9,4,83,504633.36
1152,Books,16413,2,Regular,3309,3.5,6,74,1190270.76
1153,Grocery,35740,12,New,7268,4.9,4,31,974987.2
1154,Grocery,19623,8,New,1910,3.9,4,19,343010.04000000004
1155,Electronics,55053,6,New,5340,4.5,4,54,2794490.28
1156,Grocery,48947,14,Regular,13829,4.6,1,40,1683776.8
1157,Sports,35029,22,New,5009,4.4,3,12,327871.44
1158,Toys,10667,28,New,7628,4.0,3,83,637459.9199999999
1159,Books,11054,28,New,3169,3.9,6,7,55712.159999999996
1160,Grocery,17760,10,Premium,3172,4.4,6,66,1054944.0
1161,Electronics,47545,19,New,6668,4.8,4,51,1964083.9500000002
1162,Sports,4312,1,Premium,7313,4.9,1,81,345779.27999999997
1163,Fashion,28524,14,Premium,9315,3.7,4,92,2256818.88
1164,Toys,59156,13,New,9036,3.7,1,65,3345271.8
1165,Toys,51112,19,Premium,12350,4.9,4,36,1490425.9200000002
1166,Books,27785,21,New,7789,4.6,2,98,2151114.7
1167,Toys,27400,10,Regular,1785,4.8,2,17,419220.0
1168,Grocery,51385,26,Regular,7139,3.8,5,5,190124.5
1169,Electronics,2105,2,Regular,7344,4.4,4,38,78390.2
1170,Toys,6122,16,Regular,3416,4.6,6,66,339403.68
1171,Toys,7267,29,Premium,9988,4.5,3,83,428244.31
1172,Fashion,27639,11,New,13364,4.1,5,82,2017094.22
1173,Fashion,12113,23,New,5154,3.5,6,97,904719.97
1174,Home Decor,56638,27,New,6619,4.4,2,86,3555733.64
1175,Sports,53169,28,Regular,2936,3.9,4,75,2871126.0
1176,Grocery,11089,20,Regular,11348,4.2,5,97,860506.4
1177,Toys,14418,14,New,4807,4.9,4,35,433981.8
1178,Toys,20619,15,Regular,8151,4.1,2,68,1191778.2
1179,Electronics,27946,4,New,10493,4.8,5,29,778016.64
1180,Home Decor,59004,26,New,13355,3.8,2,42,1833844.32
1181,Sports,13546,19,New,12332,4.5,1,18,197500.68000000002
1182,Home Decor,25318,5,New,4236,5.0,2,12,288625.2
1183,Books,35858,18,New,3352,3.7,4,95,2793338.2
1184,Sports,50715,24,New,2932,3.5,3,58,2235517.2
1185,Toys,4824,4,New,11913,4.2,2,6,27786.239999999998
1186,Toys,11287,2,Regular,9556,3.6,6,85,940207.1
1187,Sports,9611,26,New,5916,4.6,3,82,583195.48
1188,Toys,38610,0,New,6498,4.9,1,93,3590730.0
1189,Grocery,16889,25,Regular,11582,4.2,5,60,760005.0
1190,Sports,57141,27,Regular,1946,3.9,5,98,4087867.14
1191,Home Decor,41927,5,Regular,14865,4.2,3,97,3863573.05
1192,Sports,14543,14,New,10569,4.6,5,88,1100614.24
1193,Toys,29246,1,Premium,2439,3.5,2,89,2576865.06
1194,Grocery,57847,28,Premium,12372,4.4,3,65,2707239.6
1195,Grocery,22850,2,Regular,8730,4.4,4,26,582218.0
1196,Books,42105,16,Premium,5857,4.5,2,39,1379359.8
1197,Home Decor,617,24,Regular,1340,3.9,2,20,9378.4
1198,Fashion,47185,23,New,12181,4.6,2,54,1961952.3
1199,Fashion,19435,11,Premium,1382,3.6,4,47,812966.05
1200,Sports,47577,17,New,14291,3.8,1,21,829267.11
1201,Books,13734,14,Premium,10748,4.8,6,84,992144.16
1202,Electronics,38828,11,New,9491,4.6,5,62,2142529.04
1203,Sports,53941,15,Premium,1138,3.5,3,6,275099.1
1204,Books,1346,26,New,1358,3.9,1,8,7968.32
1205,Home Decor,11454,7,New,5931,3.8,3,89,948047.58
1206,Home Decor,14203,27,Premium,10714,3.9,5,43,445832.17
1207,Home Decor,48653,13,New,4456,3.9,4,98,4148154.78
1208,Home Decor,47014,24,New,2627,3.6,2,10,357306.4
1209,Home Decor,23200,16,New,10495,4.2,2,85,1656480.0
1210,Books,32543,28,Premium,7626,4.6,4,93,2179079.28
1211,Books,6969,20,Premium,6004,4.4,1,73,406989.60000000003
1212,Grocery,30605,7,New,10326,4.5,1,73,2077773.45
1213,Fashion,42601,14,New,11378,3.6,3,24,879284.64
1214,Toys,26886,26,Premium,14283,4.9,4,68,1352903.52
1215,Home Decor,58567,13,Premium,7652,4.8,1,20,1019065.8
1216,Electronics,49876,17,New,7416,4.7,4,55,2276839.4
1217,Toys,46087,19,New,4170,4.7,5,41,1530549.27
1218,Books,37476,6,New,4835,4.9,2,77,2712512.88
1219,Electronics,39551,2,Regular,9017,4.3,2,73,2829478.54
1220,Electronics,2548,28,Premium,3151,3.8,2,46,84389.76
1221,Electronics,39501,11,Regular,10429,4.4,4,61,2144509.29
1222,Grocery,13441,20,Premium,12927,4.6,4,70,752696.0
1223,Books,45875,23,Premium,7905,4.6,3,13,459208.75
1224,Electronics,43033,27,Premium,3834,4.3,2,90,2827268.1
1225,Home Decor,2328,25,Premium,13452,3.6,3,68,118728.0
1226,Sports,2417,2,Premium,10190,4.1,2,90,213179.4
1227,Electronics,21118,19,Premium,3567,4.9,3,26,444745.08
1228,Grocery,32754,13,Premium,2307,4.4,3,38,1082847.24
1229,Toys,40256,14,Regular,9848,4.3,5,59,2042589.44
1230,Books,51678,24,New,3660,3.9,3,33,1296084.24
1231,Grocery,47862,29,New,11403,4.1,4,42,1427244.8399999999
1232,Electronics,20628,13,Regular,11101,4.8,3,22,394819.92
1233,Books,58745,6,Regular,4730,4.5,2,75,4141522.4999999995
1234,Sports,46245,16,Regular,11238,4.7,3,69,2680360.1999999997
1235,Electronics,59883,29,Regular,7207,4.2,1,5,212584.65
1236,Grocery,509,11,Premium,4162,4.4,6,92,41676.92
1237,Fashion,17144,19,New,2140,3.9,2,8,111093.12000000001
1238,Home Decor,22922,3,Premium,9458,4.6,1,8,177874.72
1239,Toys,10365,8,New,11037,4.1,2,86,820078.8
1240,Grocery,2719,5,New,2708,4.2,4,31,80074.55
1241,Books,40309,15,Regular,4630,4.5,6,47,1610344.55
1242,Electronics,51712,24,Premium,4211,4.9,6,63,2475970.56
1243,Home Decor,5787,27,Regular,11485,3.6,4,36,152082.36
1244,Electronics,34887,21,Premium,12924,4.7,6,37,1019747.01
1245,Books,9012,21,New,13021,3.9,4,32,227823.36000000002
1246,Electronics,1842,20,Regular,7538,4.2,1,59,86942.40000000001
1247,Fashion,43836,20,Regular,10702,3.5,5,64,2244403.2
1248,Home Decor,19716,1,New,1475,4.0,2,74,1444394.16
1249,Home Decor,52476,23,New,8684,4.3,4,66,2666830.32
1250,Books,51646,7,New,10168,3.6,2,84,4034585.5199999996
1251,Toys,28034,10,Regular,2207,4.2,1,38,958762.8
1252,Fashion,14731,12,Premium,14331,4.9,5,91,1179658.48
1253,Grocery,32793,16,Regular,2960,3.7,1,92,2534243.04
1254,Electronics,27114,7,Premium,1557,4.6,6,60,1512961.2
1255,Sports,36758,20,Regular,14305,4.1,2,17,499908.80000000005
1256,Electronics,28753,17,Regular,14893,4.5,5,60,1431899.4
1257,Electronics,42578,29,New,1882,3.9,6,22,665068.36
1258,Grocery,41252,17,Premium,11386,3.7,5,58,1985871.2799999998
1259,Electronics,18488,13,Regular,5761,3.7,6,81,1302849.36
1260,Fashion,31537,14,Regular,11859,3.6,1,47,1274725.54
1261,Fashion,12719,5,New,6867,3.8,4,43,519571.14999999997
1262,Home Decor,735,10,New,7963,4.5,2,65,42997.5
1263,Books,43429,12,Premium,14151,4.8,3,46,1758005.92
1264,Toys,2408,24,Regular,13869,4.7,3,85,155556.8
1265,Sports,9067,0,Premium,8166,4.5,1,83,752561.0
1266,Electronics,36798,27,Regular,13982,3.7,2,22,590975.88
1267,Electronics,5756,5,Premium,8929,3.9,2,27,147641.4
1268,Grocery,19519,8,New,6347,4.0,1,58,1041533.8400000001
1269,Books,8662,7,Regular,8269,3.9,2,34,273892.44
1270,Fashion,59414,10,Premium,10802,4.3,4,62,3315301.2
1271,Sports,52212,21,New,12680,4.3,1,72,2969818.56
1272,Home Decor,5915,18,New,9125,4.0,4,71,344371.30000000005
1273,Fashion,36659,23,Premium,14527,4.0,2,75,2117057.25
1274,Books,44425,8,Regular,3454,4.7,1,22,899162.0
1275,Toys,6451,16,Regular,5494,4.7,2,11,59607.24
1276,Home Decor,22352,11,New,2946,4.0,1,44,875304.3200000001
1277,Toys,8507,24,Regular,14002,4.9,2,74,478433.68
1278,Grocery,42332,13,Regular,13991,4.9,4,90,3314595.6
1279,Grocery,59096,14,Regular,3808,4.0,4,69,3506756.64
1280,Electronics,56065,15,New,7642,4.0,2,72,3431178.0
1281,Toys,31023,21,Premium,4825,4.3,1,53,1298933.01
1282,Books,23825,21,Regular,4536,4.9,3,56,1054018.0
1283,Sports,59158,27,New,7068,4.8,4,33,1425116.22
1284,Home Decor,21704,19,New,4802,3.7,4,25,439506.0
1285,Fashion,16024,0,Premium,13369,4.1,6,94,1506256.0
1286,Books,19782,9,Regular,5699,4.3,3,82,1476132.84
1287,Books,24430,7,Regular,2970,4.3,2,13,295358.69999999995
1288,Grocery,577,17,Premium,6806,3.8,1,51,24424.41
1289,Toys,40845,27,Premium,7142,4.8,6,80,2385348.0
1290,Electronics,21111,0,New,13014,4.5,2,46,971106.0
1291,Electronics,17484,1,New,3819,4.8,5,55,952003.8
1292,Home Decor,14560,0,Premium,10094,4.8,4,60,873600.0
1293,Grocery,17949,0,Regular,1364,4.6,5,55,987195.0
1294,Books,19020,8,New,5258,4.2,4,74,1294881.6
1295,Sports,43803,12,New,4119,4.4,4,24,925119.36
1296,Grocery,59707,29,Regular,11750,3.7,5,92,3900061.2399999998
1297,Home Decor,10010,0,New,2863,4.5,5,31,310310.0
1298,Home Decor,29787,12,Regular,1115,3.8,2,42,1100927.52
1299,Grocery,28673,19,Regular,8084,4.5,6,76,1765109.8800000001
1300,Home Decor,40211,25,Regular,9016,3.8,6,69,2080919.25
1301,Grocery,12454,21,Premium,3384,3.7,5,58,570642.28
1302,Fashion,8304,6,Premium,14168,3.7,2,28,218561.28
1303,Grocery,7065,1,Premium,4935,3.5,6,51,356711.85
1304,Toys,6484,5,Regular,14127,4.6,2,75,461985.0
1305,Grocery,22026,6,Regular,8742,4.6,2,87,1801286.2799999998
1306,Home Decor,37938,25,Premium,6442,4.3,4,90,2560815.0
1307,Toys,19074,13,New,3490,3.7,6,67,1111823.46
1308,Home Decor,9684,25,Regular,7980,3.6,6,61,443043.0
1309,Electronics,19596,17,New,14324,3.5,4,59,959616.12
1310,Electronics,2692,14,New,10134,3.7,5,64,148167.68
1311,Toys,34516,1,Regular,8661,4.8,4,66,2255275.44
1312,Fashion,11746,9,Regular,2724,3.9,6,34,363421.24
1313,Electronics,46058,22,New,11526,4.0,6,97,3484748.2800000003
1314,Grocery,53685,11,New,9182,3.7,5,26,1242270.9
1315,Home Decor,18881,16,Premium,3767,3.8,4,79,1252943.16
1316,Electronics,36955,7,Premium,2137,4.3,1,88,3024397.1999999997
1317,Electronics,27227,10,Regular,11719,4.4,1,33,808641.9
1318,Fashion,4518,28,Premium,5117,3.9,5,45,146383.19999999998
1319,Toys,11802,2,Premium,4420,3.6,4,46,532034.16
1320,Toys,2470,26,Premium,6845,4.1,4,69,126118.2
1321,Books,41657,5,Premium,5778,3.9,2,35,1385095.25
1322,Fashion,55417,8,New,4906,3.8,6,34,1733443.76
1323,Grocery,27702,5,Regular,4637,4.9,3,22,578971.7999999999
1324,Toys,31610,8,Premium,3953,4.4,5,21,610705.2000000001
1325,Home Decor,18086,6,New,6929,4.3,3,42,714035.2799999999
1326,Fashion,25019,8,New,11559,4.1,3,18,414314.64
1327,Electronics,31773,17,New,13413,4.1,5,91,2399814.69
1328,Home Decor,22451,11,Premium,1276,4.3,4,93,1858269.27
1329,Home Decor,57319,7,Premium,2999,4.5,5,83,4424453.609999999
1330,Electronics,15874,7,Regular,2227,4.6,3,60,885769.2
1331,Fashion,55394,17,Premium,7337,3.8,6,26,1195402.52
1332,Electronics,6288,27,Premium,12944,4.3,6,71,325907.04
1333,Books,5908,29,New,4735,4.1,6,60,251680.8
1334,Home Decor,59879,19,Regular,1695,4.8,4,23,1115545.77
1335,Sports,25553,29,Premium,10501,4.4,1,61,1106700.43
1336,Sports,9946,14,Premium,5152,4.3,5,48,410570.88
1337,Grocery,1422,26,New,8901,3.7,6,39,41038.92
1338,Toys,33687,6,New,8470,4.4,5,5,158328.9
1339,Electronics,51856,10,Premium,12426,3.7,6,56,2613542.4
1340,Electronics,11289,19,Regular,13306,4.0,4,89,813824.01
1341,Grocery,32684,15,Regular,8537,3.7,1,97,2694795.8
1342,Grocery,1620,3,New,11503,4.5,1,74,116283.59999999999
1343,Grocery,44528,5,New,3841,3.8,6,41,1734365.5999999999
1344,Home Decor,32654,25,Premium,5208,4.1,4,69,1689844.5
1345,Books,17834,21,New,12751,4.8,2,55,774887.3
1346,Electronics,2836,25,Premium,12590,3.8,5,5,10635.0
1347,Home Decor,38641,2,Regular,9733,4.3,5,95,3597477.1
1348,Grocery,2743,8,Regular,11886,4.1,3,25,63089.0
1349,Electronics,19529,27,Premium,13866,3.5,4,57,812601.69
1350,Home Decor,59701,9,New,2088,4.7,3,20,1086558.2
1351,Books,32765,13,Regular,4363,3.6,6,65,1852860.75
1352,Home Decor,37880,10,New,1024,4.2,3,58,1977336.0
1353,Books,47214,17,Regular,10764,4.3,1,44,1724255.28
1354,Grocery,51517,21,Premium,7144,4.4,5,30,1220952.9000000001
1355,Books,44372,11,Premium,12150,4.5,3,84,3317250.72
1356,Electronics,46697,22,Premium,6668,3.9,1,96,3496671.3600000003
1357,Grocery,55680,11,Regular,5236,3.5,4,69,3419308.8000000003
1358,Electronics,24210,12,New,10959,4.6,3,78,1661774.4
1359,Sports,29986,24,New,13935,4.3,6,68,1549676.48
1360,Fashion,6871,12,New,9068,4.8,6,47,284184.56
1361,Books,6859,18,Regular,3235,4.7,6,21,118111.98000000001
1362,Fashion,41131,25,Regular,8295,4.8,5,63,1943439.75
1363,Fashion,36496,18,Regular,9392,4.2,3,27,808021.4400000001
1364,Books,20603,22,Regular,12390,4.0,4,11,176773.74000000002
1365,Grocery,14882,13,Regular,9448,4.7,3,48,621472.32
1366,Sports,19255,3,New,4747,4.2,5,57,1064608.95
1367,Electronics,36159,12,Regular,13834,3.8,1,75,2386494.0
1368,Home Decor,4256,7,Regular,11433,4.8,5,83,328520.63999999996
1369,Electronics,21109,28,New,4175,4.8,6,38,577542.24
1370,Home Decor,49038,22,Regular,12798,4.2,1,50,1912482.0
1371,Electronics,16978,20,New,12528,3.6,6,72,977932.8
1372,Books,35942,22,New,5897,4.1,2,82,2298850.3200000003
1373,Sports,40166,18,Premium,6037,4.7,5,82,2700761.8400000003
1374,Home Decor,10647,11,Premium,8427,4.9,5,20,189516.6
1375,Toys,34061,17,Premium,9605,3.8,4,75,2120297.25
1376,Grocery,59678,5,Premium,3014,3.6,3,23,1303964.3
1377,Electronics,35384,17,Regular,2381,4.8,1,6,176212.31999999998
1378,Electronics,6279,18,Premium,2098,4.1,1,14,72082.92
1379,Home Decor,12798,21,New,4426,4.3,4,54,545962.68
1380,Grocery,14653,4,Regular,4655,5.0,4,85,1195684.8
1381,Grocery,44379,23,Premium,8938,3.6,3,16,546749.28
1382,Books,11289,8,New,10101,4.5,6,74,768555.12
1383,Toys,44665,26,Regular,1187,3.6,3,26,859354.6
1384,Books,13499,2,Regular,13236,4.1,5,36,476244.72
1385,Books,55818,27,Premium,12948,4.7,6,88,3585748.32
1386,Books,1314,9,Regular,11207,4.2,2,5,5978.7
1387,Books,49997,18,New,6409,5.0,3,58,2377857.3200000003
1388,Books,11041,2,Regular,3092,4.3,4,62,670851.16
1389,Sports,25438,28,New,12836,4.0,6,74,1355336.64
1390,Grocery,2943,28,Regular,3130,3.8,3,87,184349.52
1391,Books,10957,21,Premium,6242,4.0,1,22,190432.66
1392,Grocery,10880,14,New,9549,4.1,2,10,93568.0
1393,Grocery,8283,0,Regular,6647,3.6,5,49,405867.0
1394,Fashion,44741,6,Regular,6185,4.1,1,27,1135526.5799999998
1395,Sports,17868,11,Regular,6776,4.2,1,27,429368.04
1396,Books,15828,16,New,11614,4.6,2,30,398865.6
1397,Electronics,57442,29,New,13449,4.5,5,81,3303489.42
1398,Home Decor,26715,20,New,8913,4.6,4,11,235092.0
1399,Toys,34095,25,Premium,8547,3.5,6,83,2122413.75
1400,Electronics,27806,28,Premium,8823,3.8,5,48,960975.36
1401,Sports,20415,23,New,8355,4.5,3,31,487306.05
1402,Home Decor,40415,19,Regular,7465,4.2,1,30,982084.5000000001
1403,Sports,37719,4,Premium,13737,3.5,3,83,3005449.92
1404,Grocery,15843,3,New,2497,4.7,4,40,614708.4
1405,Home Decor,46903,27,Regular,14324,4.7,3,59,2020112.21
1406,Grocery,53528,11,Premium,11350,4.3,5,68,3239514.56
1407,Electronics,39227,29,Regular,3555,3.6,3,95,2645861.15
1408,Electronics,626,19,Regular,6409,4.6,4,61,30930.660000000003
1409,Home Decor,52829,27,Regular,11534,4.4,4,73,2815257.41
1410,Home Decor,28132,23,Regular,3951,4.7,4,65,1408006.6
1411,Books,42063,17,Premium,2238,4.6,5,6,209473.74
1412,Sports,44909,16,Premium,10165,4.7,4,59,2225690.04
1413,Books,55676,18,Premium,5727,4.3,1,84,3834962.8800000004
1414,Sports,54761,8,New,4965,3.7,4,91,4584590.92
1415,Books,21030,3,Premium,6686,4.5,3,42,856762.2
1416,Grocery,40464,25,Regular,10242,4.4,6,84,2549232.0
1417,Home Decor,44827,20,Premium,4701,4.6,3,82,2940651.2
1418,Electronics,3868,1,Regular,3780,3.8,6,33,126367.56
1419,Sports,4297,3,New,8398,3.8,3,30,125042.7
1420,Sports,48382,1,Regular,2588,4.8,5,39,1868029.02
1421,Electronics,14218,14,Regular,13070,4.6,3,83,1014880.84
1422,Books,35060,1,Regular,3368,4.9,5,71,2464367.4
1423,Sports,11553,3,New,6789,4.6,5,91,1019783.3099999999
1424,Toys,22616,5,Premium,1436,4.4,4,33,709011.6
1425,Grocery,36744,6,Premium,3828,4.5,1,38,1312495.68
1426,Home Decor,36685,9,New,2556,4.8,6,45,1502250.75
1427,Electronics,2145,18,Regular,8570,4.4,4,45,79150.5
1428,Home Decor,48023,18,Premium,14364,4.4,4,27,1063229.22
1429,Toys,59049,25,New,13050,3.7,5,75,3321506.25
1430,Sports,52682,21,Premium,8480,4.2,5,7,291331.46
1431,Sports,19756,28,New,10496,4.6,6,62,881907.84
1432,Toys,36340,11,Regular,11576,3.9,3,36,1164333.6
1433,Electronics,35122,2,Premium,1182,3.8,3,35,1204684.6
1434,Grocery,53673,12,New,8190,4.0,4,86,4061972.64
1435,Fashion,37930,17,Premium,7687,3.9,2,47,1479649.2999999998
1436,Electronics,39782,7,Premium,6565,3.8,2,11,406969.86
1437,Fashion,54683,20,Premium,8241,4.1,3,5,218732.0
1438,Toys,3208,14,Premium,8651,4.9,2,65,179327.2
1439,Books,12194,0,New,6575,4.3,3,18,219492.0
1440,Fashion,56764,2,Regular,2589,3.8,5,56,3115208.32
1441,Grocery,10024,25,New,10779,3.6,4,10,75180.0
1442,Books,32380,7,New,9851,4.5,1,14,421587.6
1443,Fashion,58045,3,New,1159,4.1,4,75,4222773.75
1444,Toys,53159,15,Regular,13145,4.7,3,94,4247404.1
1445,Books,39724,29,Premium,7555,4.5,3,34,958937.36
1446,Toys,37480,22,Premium,10203,4.7,4,25,730860.0
1447,Fashion,32909,9,Premium,9244,3.9,6,64,1916620.1600000001
1448,Toys,13724,11,Regular,14333,4.5,3,85,1038220.6
1449,Grocery,41238,13,Premium,14341,3.9,2,78,2798410.68
1450,Fashion,25650,13,Regular,7846,4.9,2,67,1495138.5
1451,Fashion,50188,1,Premium,3307,4.5,3,46,2285561.52
1452,Fashion,34893,22,Premium,2228,4.0,3,55,1496909.7
1453,Electronics,43582,4,New,8226,3.9,6,68,2845032.96
1454,Electronics,8473,4,Regular,6590,3.8,2,80,650726.4
1455,Electronics,9077,5,New,7919,4.5,3,60,517389.0
1456,Grocery,8570,12,New,6585,3.8,3,84,633494.4
1457,Books,9166,8,New,10227,4.4,6,45,379472.4
1458,Toys,58261,29,Regular,12894,3.9,6,36,1489151.16
1459,Sports,56142,21,Regular,7046,4.5,4,19,842691.42
1460,Fashion,36868,27,Premium,13237,4.7,6,66,1776300.24
1461,Toys,7283,28,New,5945,4.7,1,31,162556.56
1462,Fashion,46494,14,Premium,8927,4.6,2,32,1279514.88
1463,Grocery,42414,13,New,13641,3.8,4,85,3136515.3
1464,Fashion,5471,23,Regular,14386,3.6,1,68,286461.56
1465,Electronics,13990,6,Regular,8016,4.5,3,63,828487.7999999999
1466,Sports,50857,24,Regular,8758,4.1,3,62,2396381.84
1467,Home Decor,46219,19,New,14752,4.1,4,6,224624.34000000003
1468,Fashion,45580,1,Regular,6086,3.5,6,40,1804968.0
1469,Toys,2490,6,New,10456,3.9,3,75,175545.0
1470,Electronics,5799,5,Premium,8161,3.6,5,17,93653.84999999999
1471,Home Decor,46265,16,New,2884,4.8,4,19,738389.4
1472,Sports,20456,26,Premium,2809,3.9,1,93,1407781.92
1473,Home Decor,22859,24,New,4167,4.3,4,91,1580928.44
1474,Electronics,46740,24,Premium,12989,3.6,2,64,2273433.6
1475,Books,55972,27,Regular,11533,4.5,6,26,1062348.56
1476,Books,37648,1,Premium,7352,4.0,6,67,2497191.84
1477,Home Decor,29234,2,Regular,12606,4.8,4,94,2693036.08
1478,Grocery,5257,4,Regular,14399,4.8,3,79,398690.88
1479,Toys,19597,4,Premium,10009,4.0,3,78,1467423.3599999999
1480,Toys,10895,0,New,7056,4.9,5,29,315955.0
1481,Home Decor,16741,7,New,3437,5.0,5,52,809594.7599999999
1482,Fashion,38856,11,New,7468,4.7,6,47,1625346.48
1483,Fashion,28196,23,New,10080,4.8,5,42,911858.64
1484,Toys,50618,3,New,6951,3.9,1,45,2209475.6999999997
1485,Toys,5444,12,Regular,6276,4.4,5,49,234745.28
1486,Books,46663,22,New,9859,3.6,1,92,3348536.88
1487,Grocery,20316,14,Regular,8818,3.6,5,44,768757.44
1488,Electronics,50340,10,Regular,5728,5.0,6,21,951426.0
1489,Fashion,37511,9,Regular,3624,4.0,6,92,3140420.92
1490,Toys,53353,2,Premium,6738,4.6,1,61,3189442.34
1491,Books,25417,21,Premium,5232,4.7,4,6,120476.58
1492,Sports,31695,13,Regular,6793,4.8,6,66,1819926.9
1493,Books,22066,15,Premium,5523,5.0,4,92,1725561.2
1494,Fashion,10416,9,New,6571,3.9,3,13,123221.28
1495,Fashion,56356,28,New,10010,3.6,1,72,2921495.04
1496,Books,21306,9,Regular,11380,4.1,6,85,1648019.1
1497,Electronics,10484,11,New,10298,3.7,2,21,195945.96
1498,Home Decor,2259,29,Regular,3224,3.5,3,54,86610.06
1499,Fashion,42449,8,Regular,9389,4.0,4,98,3827201.8400000003
1500,Books,27338,0,New,11863,4.7,6,44,1202872.0
1501,Toys,2982,4,Premium,7091,4.3,1,62,177488.63999999998
1502,Books,24942,19,New,12684,4.0,5,79,1596038.58
1503,Grocery,34219,7,New,11640,4.5,2,89,2832306.63
1504,Home Decor,58566,10,Regular,9662,3.8,4,25,1317735.0
1505,Sports,28465,11,Regular,7361,3.5,3,22,557344.7
1506,Electronics,2579,0,Regular,2948,4.6,1,59,152161.0
1507,Sports,3217,24,Regular,14216,4.4,2,33,80682.36
1508,Home Decor,28452,21,Premium,13091,4.6,1,28,629358.24
1509,Home Decor,21408,19,Premium,11202,3.6,6,78,1352557.4400000002
1510,Home Decor,42960,27,Premium,12992,4.8,5,21,658576.7999999999
1511,Sports,25361,24,Regular,8094,4.4,3,22,424035.92
1512,Toys,7811,10,Regular,14193,4.3,1,46,323375.4
1513,Home Decor,28571,4,Regular,7318,4.4,4,88,2413678.08
1514,Books,24070,14,Premium,13310,4.8,6,49,1014309.7999999999
1515,Sports,18949,4,Regular,4796,4.4,6,86,1564429.44
1516,Home Decor,34036,11,New,13180,4.4,3,21,636132.84
1517,Books,38758,4,New,1234,5.0,6,77,2864991.36
1518,Toys,48802,16,Regular,14412,4.6,4,18,737886.24
1519,Grocery,29365,16,New,10120,4.2,1,53,1307329.8
1520,Toys,7145,23,New,4607,4.6,3,33,181554.45
1521,Home Decor,54735,11,Premium,9043,4.1,6,99,4822700.85
1522,Sports,38500,23,Regular,1522,3.8,6,8,237160.0
1523,Fashion,27237,27,Regular,6904,4.4,4,86,1709938.8599999999
1524,Home Decor,11985,14,Premium,12715,4.9,5,24,247370.4
1525,Fashion,39065,14,New,13718,4.9,5,51,1713390.9
1526,Books,26022,5,New,5888,4.0,6,13,321371.7
1527,Grocery,54578,11,Regular,10821,4.3,1,81,3934528.02
1528,Electronics,55668,26,New,6832,3.8,3,83,3419128.56
1529,Toys,52987,28,Premium,13820,5.0,6,31,1182669.8399999999
1530,Grocery,12842,19,Premium,8122,5.0,2,19,197638.38
1531,Home Decor,41306,17,Regular,6842,4.5,3,96,3291262.0799999996
1532,Fashion,49270,13,Premium,14963,4.7,5,23,985892.7
1533,Toys,13587,1,Premium,2316,4.6,6,94,1264406.22
1534,Fashion,38141,8,Regular,12049,4.4,4,56,1965024.32
1535,Sports,34749,4,Premium,14200,3.6,2,30,1000771.2
1536,Fashion,10593,19,Premium,2124,4.2,6,93,797970.6900000001
1537,Sports,55957,25,Premium,6621,4.5,1,30,1259032.5
1538,Books,53103,28,New,6423,4.5,2,30,1147024.8
1539,Toys,47690,0,Regular,3587,4.1,6,50,2384500.0
1540,Toys,16938,22,Regular,10215,4.9,1,96,1268317.44
1541,Electronics,40911,2,Regular,6672,3.8,2,53,2124917.34
1542,Home Decor,26899,5,New,2378,4.3,1,86,2197648.3
1543,Sports,20346,4,New,4374,4.5,1,57,1113333.1199999999
1544,Electronics,16208,20,Regular,2519,4.5,2,7,90764.8
1545,Fashion,44539,26,New,6777,4.5,2,70,2307120.2
1546,Fashion,50484,4,Regular,8935,3.9,1,46,2229373.44
1547,Electronics,45868,0,New,7093,3.7,5,23,1054964.0
1548,Toys,11498,16,Premium,9418,4.5,2,21,202824.72
1549,Fashion,55606,18,Premium,6355,4.4,6,37,1687086.04
1550,Books,47563,13,Regular,5968,3.8,3,80,3310384.8
1551,Books,31178,11,New,10083,4.6,4,53,1470666.26
1552,Electronics,11182,9,New,6574,4.2,1,60,610537.2000000001
1553,Sports,49648,19,Premium,5072,4.5,1,67,2694396.96
1554,Sports,9019,20,Premium,14324,4.8,4,7,50506.4
1555,Electronics,56873,17,New,3257,3.8,5,53,2501843.27
1556,Sports,31980,23,New,11980,3.5,4,59,1452851.4000000001
1557,Toys,20194,26,New,9588,4.7,2,30,448306.8
1558,Toys,3800,10,New,14411,4.4,4,76,259920.0
1559,Sports,7222,29,New,11270,4.5,1,56,287146.72
1560,Books,40486,1,New,13936,4.8,4,11,440892.54
1561,Sports,24660,24,Regular,5424,4.7,3,50,937080.0
1562,Toys,20559,17,New,4237,4.9,6,50,853198.5
1563,Grocery,36322,28,Premium,14770,4.3,2,20,523036.8
1564,Home Decor,14075,24,Regular,4893,4.2,4,28,299516.0
1565,Fashion,8470,6,New,14239,4.1,1,65,517516.99999999994
1566,Grocery,35411,23,Premium,3005,3.7,6,58,1581455.26
1567,Sports,22091,14,Regular,3016,4.4,2,66,1253885.16
1568,Books,32321,10,Premium,12363,3.9,1,5,145444.5
1569,Electronics,10003,17,New,11860,4.9,5,53,440031.97
1570,Sports,48417,22,New,11070,4.4,3,29,1095192.54
1571,Books,19422,11,New,10388,4.4,5,14,241998.12
1572,Home Decor,12675,5,New,2772,4.0,3,84,1011465.0
1573,Sports,54199,19,Regular,9353,3.6,4,20,878023.8
1574,Toys,55271,22,Regular,4976,3.5,2,62,2672905.56
1575,Electronics,41624,29,Premium,2751,4.1,4,76,2246031.04
1576,Books,56264,12,New,9967,3.6,3,33,1633906.56
1577,Books,21889,19,Premium,8430,4.4,3,96,1702088.6400000001
1578,Books,48338,15,Regular,8170,4.8,3,10,410873.0
1579,Home Decor,1322,17,New,14339,4.8,6,20,21945.2
1580,Sports,17827,9,New,7469,4.5,1,24,389341.68
1581,Home Decor,47557,27,Regular,10131,3.8,2,84,2916195.2399999998
1582,Fashion,6650,22,Regular,4220,4.8,4,75,389025.0
1583,Fashion,4925,7,Regular,1539,4.8,4,82,375580.5
1584,Sports,58618,17,Regular,14109,3.8,5,47,2286688.1799999997
1585,Toys,16532,20,Regular,2461,4.6,3,30,396768.0
1586,Home Decor,2698,0,New,6184,3.9,3,94,253612.0
1587,Electronics,53894,22,Regular,9547,4.7,3,82,3447060.24
1588,Books,20579,7,New,12796,5.0,4,75,1435385.25
1589,Books,36720,28,New,12515,3.5,5,37,978220.7999999999
1590,Sports,42374,5,Regular,1234,4.8,1,30,1207659.0
1591,Toys,14359,4,Regular,2548,4.4,6,49,675447.36
1592,Fashion,50960,14,New,8480,5.0,2,88,3856652.8
1593,Fashion,31919,21,Regular,11288,4.2,1,67,1689472.6700000002
1594,Books,53829,14,Regular,5213,4.8,4,71,3286798.7399999998
1595,Sports,9205,1,Regular,11293,3.6,6,56,510325.2
1596,Home Decor,43380,0,Premium,2673,4.0,6,72,3123360.0
1597,Fashion,23736,22,New,7708,3.6,6,30,555422.4
1598,Home Decor,22919,22,Premium,14355,5.0,3,79,1412268.78
1599,Toys,20478,25,Regular,8982,4.7,2,6,92151.0
1600,Fashion,38109,10,Premium,3100,4.8,4,18,617365.8
1601,Fashion,15858,9,Regular,12849,4.9,4,34,490646.52
1602,Grocery,34677,29,Premium,13845,3.6,6,53,1304895.51
1603,Fashion,29878,17,Regular,12788,4.1,4,16,396779.83999999997
1604,Electronics,37834,17,Premium,4748,3.6,2,94,2951808.6799999997
1605,Sports,11882,16,Premium,4173,3.8,2,48,479082.24
1606,Sports,54143,25,Premium,2815,3.8,5,37,1502468.25
1607,Home Decor,51207,7,New,4841,4.2,5,17,809582.6699999999
1608,Toys,15096,14,Premium,11197,3.9,1,82,1064569.92
1609,Fashion,34072,7,New,9016,3.7,2,92,2915200.32
1610,Electronics,13721,16,Regular,8011,3.8,2,30,345769.2
1611,Home Decor,1779,11,Premium,5493,3.7,2,25,39582.75
1612,Grocery,46460,26,Regular,1674,5.0,5,32,1100172.8
1613,Home Decor,7583,7,Regular,9088,4.6,6,52,366713.87999999995
1614,Home Decor,55638,24,Premium,9578,5.0,6,44,1860534.72
1615,Fashion,55271,13,New,3158,4.2,4,70,3366003.9
1616,Grocery,44361,3,Premium,3661,3.9,6,77,3313323.09
1617,Home Decor,18271,0,Regular,3064,4.7,3,91,1662661.0
1618,Electronics,30475,0,Regular,13043,4.0,5,83,2529425.0
1619,Electronics,46148,18,Premium,4253,3.9,2,81,3065150.16
1620,Sports,48785,15,New,5979,3.8,6,27,1119615.75
1621,Grocery,19563,13,New,8703,3.7,5,85,1446683.85
1622,Grocery,2606,20,Regular,13828,3.9,6,52,108409.6
1623,Sports,25057,15,Regular,13458,4.0,1,6,127790.7
1624,Home Decor,49354,4,New,9931,4.5,2,88,4169425.92
1625,Grocery,21107,8,Premium,2401,3.6,1,24,466042.56
1626,Electronics,38099,25,Regular,4259,3.8,2,63,1800177.75
1627,Electronics,52420,29,New,11469,4.7,5,50,1860910.0
1628,Fashion,29029,27,Regular,13096,3.7,4,7,148338.19
1629,Grocery,36454,1,Premium,4923,4.0,6,59,2129278.14
1630,Home Decor,28356,17,New,5214,4.8,6,16,376567.68
1631,Sports,3073,5,Regular,4227,3.7,3,44,128451.4
1632,Sports,13308,8,Premium,12023,3.6,1,70,857035.2000000001
1633,Home Decor,35867,0,Regular,12950,4.2,6,82,2941094.0
1634,Toys,37301,8,Premium,11704,4.0,5,20,686338.4
1635,Books,41696,24,Premium,11343,4.3,4,87,2756939.52
1636,Fashion,34572,15,New,12867,4.7,5,38,1116675.5999999999
1637,Sports,24252,12,Premium,3745,3.7,1,48,1024404.48
1638,Grocery,55529,8,Regular,7091,4.4,3,10,510866.80000000005
1639,Fashion,18185,20,Premium,4866,4.3,6,81,1178388.0
1640,Grocery,52193,12,Premium,12956,3.7,5,68,3123229.12
1641,Toys,51703,8,New,14993,4.4,2,26,1236735.76
1642,Electronics,56461,10,Premium,6818,3.9,4,22,1117927.8
1643,Fashion,41901,3,Premium,3222,4.2,5,16,650303.52
1644,Sports,59920,1,Regular,3792,3.6,4,56,3321964.8
1645,Fashion,11872,28,New,10889,4.2,6,98,837688.32
1646,Fashion,9496,5,New,14732,4.0,2,55,496166.0
1647,Fashion,16958,13,New,12654,4.7,3,75,1106509.5
1648,Books,56633,3,Premium,5063,3.6,3,52,2856568.52
1649,Fashion,32389,5,New,2524,4.1,2,23,707699.65
1650,Grocery,27165,18,Premium,13952,4.2,4,10,222753.00000000003
1651,Electronics,38743,5,Premium,9224,4.6,6,88,3238914.8
1652,Toys,57884,1,Regular,7198,4.4,5,31,1776459.96
1653,Home Decor,32153,17,Regular,5025,4.5,2,57,1521158.43
1654,Fashion,27157,12,Regular,3566,4.7,1,52,1242704.32
1655,Sports,40452,8,Regular,3803,4.8,4,11,409374.24
1656,Fashion,22680,22,Regular,13088,4.0,3,63,1114495.2
1657,Sports,32396,18,Premium,4709,4.3,2,73,1939224.56
1658,Grocery,56793,12,Premium,7155,4.8,3,15,749667.6
1659,Sports,13375,10,New,14839,5.0,4,19,228712.5
1660,Home Decor,2122,0,Premium,1719,4.8,3,68,144296.0
1661,Electronics,49256,23,Premium,7516,4.1,2,7,265489.84
1662,Sports,41309,29,Regular,5579,3.8,4,73,2141045.4699999997
1663,Sports,17225,21,Premium,1972,4.2,1,27,367409.25
1664,Electronics,51726,6,Regular,4718,4.6,2,57,2771479.08
1665,Home Decor,41260,24,New,8395,4.2,5,41,1285661.6
1666,Fashion,16146,20,New,5402,4.2,6,13,167918.40000000002
1667,Sports,17529,14,Premium,5552,4.8,2,19,286423.86
1668,Electronics,29902,0,New,3207,4.0,4,7,209314.0
1669,Grocery,4763,11,Premium,5426,4.8,6,97,411189.79
1670,Electronics,58453,25,New,7919,4.1,2,74,3244141.5
1671,Grocery,31487,6,Regular,13512,4.0,1,21,621553.38
1672,Home Decor,47328,14,Regular,12222,4.2,1,30,1221062.4
1673,Fashion,55788,20,Regular,12767,4.6,5,25,1115760.0
1674,Electronics,48424,18,Regular,14767,3.7,3,76,3017783.68
1675,Toys,9146,27,Premium,12308,3.8,6,25,166914.5
1676,Toys,28029,28,New,12477,4.9,4,15,302713.2
1677,Books,59552,24,Premium,14370,3.8,4,42,1900899.84
1678,Sports,12164,0,Regular,9835,4.4,3,76,924464.0
1679,Home Decor,36237,16,Premium,13903,4.4,1,92,2800395.36
1680,Electronics,36296,16,New,9386,4.2,1,39,1189056.96
1681,Toys,24527,2,Premium,13188,4.5,2,18,432656.27999999997
1682,Sports,29873,11,New,9680,3.8,5,18,478565.46
1683,Toys,52333,5,Premium,3204,4.3,6,14,696028.9
1684,Electronics,36897,25,New,11849,4.1,5,16,442764.0
1685,Grocery,21109,10,New,6345,4.5,5,42,797920.2000000001
1686,Electronics,36335,2,Regular,4276,3.7,2,38,1353115.4
1687,Books,39209,7,New,2102,4.4,5,45,1640896.65
1688,Electronics,51038,13,Regular,6243,3.8,3,14,621642.84
1689,Electronics,19750,13,Regular,7614,3.9,2,21,360832.5
1690,Books,21672,9,Regular,10433,3.8,3,21,414151.92000000004
1691,Home Decor,12055,1,Premium,9707,3.8,2,71,847345.95
1692,Electronics,22374,13,Premium,14913,4.7,5,66,1284715.08
1693,Books,13581,8,Premium,6223,3.9,3,99,1236957.48
1694,Sports,53776,2,Premium,9584,4.9,3,5,263502.4
1695,Grocery,57992,20,New,1630,5.0,3,16,742297.6000000001
1696,Grocery,53502,25,New,12908,4.4,2,8,321012.0
1697,Electronics,55067,7,Premium,11039,3.7,4,46,2355766.26
1698,Home Decor,59902,15,New,11847,4.1,5,17,865583.9
1699,Home Decor,24563,1,New,10171,4.7,3,89,2164245.93
1700,Sports,7319,5,Regular,13721,4.1,6,90,625774.5
1701,Electronics,26212,27,Regular,12594,3.6,4,8,153078.08
1702,Grocery,25262,20,Regular,13063,4.3,6,86,1738025.6
1703,Home Decor,11546,28,Regular,7683,4.8,5,73,606857.76
1704,Electronics,31963,25,New,1277,4.7,5,23,551361.75
1705,Toys,59094,24,Premium,1232,3.8,3,6,269468.64
1706,Home Decor,50985,11,New,10744,4.5,3,16,726026.4
1707,Books,29269,4,New,6690,3.8,2,85,2388350.4
1708,Toys,53802,1,New,14401,3.8,4,78,4154590.44
1709,Home Decor,23650,15,Regular,8659,4.8,4,10,201025.0
1710,Grocery,3211,4,Regular,12462,3.9,3,12,36990.72
1711,Fashion,5353,14,Regular,11601,3.9,5,55,253196.9
1712,Toys,29577,11,Premium,12704,3.5,3,15,394852.95
1713,Sports,55864,3,New,1025,4.8,5,67,3630601.36
1714,Sports,24363,14,Premium,14705,4.7,5,61,1278082.98
1715,Grocery,22292,10,Regular,8468,4.4,3,16,321004.8
1716,Home Decor,59629,15,Premium,7410,4.6,1,77,3902718.05
1717,Electronics,40983,22,New,9652,3.7,4,6,191800.44
1718,Home Decor,9442,5,New,4764,4.2,6,12,107638.79999999999
1719,Grocery,48775,13,Regular,7599,4.0,5,15,636513.75
1720,Sports,49094,17,Regular,12623,3.6,5,57,2322637.1399999997
1721,Home Decor,2262,11,Premium,14379,4.2,1,14,28184.52
1722,Sports,32487,26,Regular,6102,4.9,6,89,2139593.82
1723,Toys,16350,10,Regular,8006,3.6,2,88,1294920.0
1724,Electronics,12612,12,New,4483,3.9,1,12,133182.72
1725,Toys,56753,20,Regular,2994,3.8,6,40,1816096.0
1726,Sports,24558,22,Regular,9682,3.9,1,97,1858058.28
1727,Sports,45920,10,New,2072,4.9,5,80,3306240.0
1728,Fashion,39390,22,New,7707,4.2,4,18,553035.6
1729,Fashion,981,15,Premium,12365,4.2,1,58,48363.299999999996
1730,Toys,47804,14,Regular,1215,4.6,2,89,3658918.16
1731,Books,33421,20,New,8605,3.7,3,90,2406312.0
1732,Toys,40885,27,Premium,10915,4.2,6,25,746151.25
1733,Fashion,2024,14,Premium,10784,4.1,1,54,93994.56
1734,Sports,35388,24,Regular,3606,4.4,1,98,2635698.24
1735,Grocery,15548,3,Regular,9350,5.0,2,43,648507.08
1736,Toys,35611,10,Premium,5781,4.7,4,24,769197.6
1737,Sports,38404,18,New,4313,4.1,1,92,2897197.7600000002
1738,Grocery,55412,14,Premium,12033,4.7,1,91,4336543.12
1739,Grocery,34508,3,Regular,10968,3.8,4,11,368200.36
1740,Fashion,560,20,New,11244,3.5,2,13,5824.0
1741,Toys,9630,12,New,8763,3.8,6,5,42372.0
1742,Home Decor,18523,21,Premium,6939,4.0,6,30,438995.10000000003
1743,Electronics,55837,18,Regular,3295,4.3,1,42,1923026.2800000003
1744,Fashion,45580,1,Premium,6685,4.4,4,42,1895216.4
1745,Fashion,13850,13,Premium,2696,4.9,1,65,783217.5
1746,Home Decor,24854,28,Premium,12185,4.3,3,48,858954.24
1747,Electronics,45686,3,New,11661,4.3,6,90,3988387.8
1748,Sports,28645,15,New,2946,3.6,5,48,1168716.0
1749,Books,34520,20,Regular,13001,3.6,3,78,2154048.0
1750,Toys,21087,19,Regular,3783,4.3,1,66,1127311.02
1751,Books,41631,13,Premium,4644,4.2,2,10,362189.7
1752,Sports,10150,26,Premium,6241,4.8,6,21,157731.0
1753,Fashion,20433,28,Premium,7420,3.7,5,55,809146.7999999999
1754,Electronics,21081,14,Regular,14869,3.5,3,42,761445.72
1755,Fashion,23893,27,New,11692,4.2,6,28,488372.92
1756,Grocery,23551,2,New,8557,3.9,4,55,1269398.9
1757,Fashion,51974,7,Premium,12837,3.6,2,14,676701.48
1758,Fashion,26712,15,Premium,3645,4.6,3,76,1725595.2
1759,Sports,49582,9,Premium,7589,3.7,4,25,1127990.5
1760,Sports,4590,3,Premium,7353,4.4,1,74,329470.2
1761,Sports,7460,29,Regular,11541,3.9,4,89,471397.39999999997
1762,Books,36272,17,New,2932,3.8,3,61,1836451.3599999999
1763,Grocery,22020,1,Premium,12486,4.1,3,43,937391.4
1764,Sports,49981,16,Regular,2757,4.7,1,92,3862531.6799999997
1765,Electronics,36908,12,Premium,6085,4.1,4,37,1201724.48
1766,Books,28970,3,Premium,6637,4.6,4,63,1770356.7
1767,Home Decor,57634,25,New,2116,3.7,1,22,950961.0
1768,Electronics,20991,24,Premium,11759,4.7,4,60,957189.6
1769,Toys,1841,29,New,12691,3.9,6,96,125482.56
1770,Toys,45123,10,New,1492,4.5,1,61,2477252.7
1771,Electronics,25291,6,New,12498,4.3,2,80,1901883.2
1772,Sports,838,11,Regular,9811,4.9,3,52,38782.64
1773,Home Decor,6395,9,Regular,12424,4.1,2,46,267694.7
1774,Home Decor,12754,6,New,8888,3.6,6,31,371651.56
1775,Books,52360,12,Premium,13015,3.5,6,78,3593990.4
1776,Home Decor,11844,6,New,7474,4.7,5,56,623468.1599999999
1777,Toys,2250,23,Premium,11572,4.3,5,46,79695.0
1778,Grocery,55256,16,New,10738,4.7,5,36,1670941.44
1779,Sports,2921,9,Premium,5958,3.9,1,30,79743.3
1780,Home Decor,40387,28,Regular,14979,4.0,4,29,843280.5599999999
1781,Books,58553,9,Premium,12755,3.5,6,79,4209375.17
1782,Toys,5819,23,New,10797,4.9,2,27,120977.01000000001
1783,Grocery,16396,3,Regular,12944,4.5,2,61,970151.32
1784,Fashion,56261,19,Premium,13867,4.9,2,56,2551998.96
1785,Fashion,55039,3,Premium,11082,3.9,2,91,4858292.53
1786,Grocery,12418,21,Premium,10467,4.4,5,97,951591.3400000001
1787,Toys,53645,6,Premium,3743,4.5,2,35,1764920.5
1788,Books,25564,21,Premium,8866,4.0,4,68,1373298.08
1789,Grocery,57696,0,Regular,11685,4.8,5,75,4327200.0
1790,Sports,47117,11,Regular,8160,4.9,2,37,1551562.81
1791,Sports,57890,23,Regular,6451,4.8,1,89,3967201.7
1792,Fashion,28435,12,Regular,6258,4.6,3,6,150136.8
1793,Home Decor,38141,9,New,9548,3.9,3,22,763582.8200000001
1794,Books,30211,14,Regular,14912,3.9,3,51,1325054.46
1795,Fashion,5306,26,Premium,8186,4.9,5,37,145278.28
1796,Home Decor,41860,12,Premium,7102,3.5,2,88,3241638.4
1797,Home Decor,12682,22,Regular,10061,4.6,6,39,385786.44
1798,Sports,22797,21,Premium,10077,4.6,6,55,990529.65
1799,Toys,56776,21,Regular,11193,4.4,6,22,986766.88
1800,Electronics,20041,20,Premium,14701,5.0,5,92,1475017.6
1801,Toys,29421,21,New,10475,4.0,4,76,1766436.84
1802,Electronics,17274,27,New,1619,4.0,1,34,428740.68
1803,Grocery,45313,8,Regular,1882,3.6,1,48,2001022.08
1804,Sports,37698,25,Regular,9988,4.2,3,57,1611589.5
1805,Home Decor,9320,8,Regular,4642,3.9,3,14,120041.6
1806,Books,24570,14,Premium,12617,4.0,6,91,1922848.2
1807,Electronics,4732,9,Regular,2296,4.8,6,56,241142.72
1808,Toys,11622,23,New,13906,4.9,3,53,474293.82
1809,Home Decor,15523,25,Premium,9436,3.8,2,15,174633.75
1810,Electronics,8507,24,Regular,3895,4.1,4,70,452572.4
1811,Electronics,18405,28,Premium,7593,4.9,4,62,821599.2
1812,Electronics,42286,9,Premium,1929,3.6,4,94,3617144.44
1813,Books,29898,7,Regular,6366,3.6,4,40,1112205.5999999999
1814,Sports,34768,23,Premium,9711,3.7,3,37,990540.3200000001
1815,Books,7237,15,New,4212,4.4,1,51,313723.95
1816,Fashion,36562,16,New,3409,3.7,3,17,522105.36
1817,Home Decor,54737,25,Premium,9199,5.0,4,44,1806321.0
1818,Sports,52071,26,Regular,11717,4.2,3,93,3583526.2199999997
1819,Sports,26010,4,Premium,4423,4.3,4,72,1797811.2
1820,Sports,19926,3,New,11211,3.9,5,46,889098.12
1821,Toys,37765,17,Premium,13782,4.2,6,23,720933.85
1822,Sports,18350,23,Premium,14917,4.5,1,86,1215137.0
1823,Books,53213,18,New,7976,4.6,5,98,4276196.680000001
1824,Sports,1114,3,Premium,8594,4.6,2,23,24853.34
1825,Grocery,22276,27,Premium,6158,4.4,3,62,1008211.76
1826,Home Decor,24577,6,Regular,13474,4.9,2,27,623764.26
1827,Sports,9874,9,Regular,4667,4.7,3,58,521149.72000000003
1828,Home Decor,52875,24,New,12863,4.6,6,84,3375540.0
1829,Grocery,56790,17,New,11993,3.6,5,69,3252363.3
1830,Grocery,35935,18,New,6973,3.5,6,16,471467.2
1831,Home Decor,31407,3,Regular,7236,3.8,4,28,853014.12
1832,Electronics,57632,9,New,9277,4.5,6,38,1992914.56
1833,Fashion,13909,0,New,12307,4.1,6,57,792813.0
1834,Toys,17014,22,New,13424,4.1,4,12,159251.04
1835,Electronics,30366,17,Regular,3468,4.8,3,22,554483.1599999999
1836,Electronics,3483,4,Premium,7217,4.8,4,61,203964.47999999998
1837,Books,32205,14,New,4619,4.9,5,9,249266.69999999998
1838,Toys,21162,16,Premium,2636,4.0,6,30,533282.4
1839,Toys,24010,2,New,9155,4.5,4,34,800013.2
1840,Electronics,13151,11,Premium,4583,3.9,6,58,678854.62
1841,Sports,41498,1,Regular,5009,3.8,5,17,698411.34
1842,Books,57346,0,Regular,4326,3.8,2,87,4989102.0
1843,Books,29035,22,New,11410,4.0,5,33,747360.9
1844,Grocery,7140,20,Premium,9148,4.1,1,7,39984.0
1845,Toys,45047,16,Regular,3217,4.7,1,94,3556911.1199999996
1846,Electronics,55120,21,New,5967,3.7,1,62,2699777.6
1847,Grocery,15817,15,New,3369,4.6,6,80,1075556.0
1848,Home Decor,50572,4,Regular,4638,4.3,3,6,291294.72
1849,Fashion,8064,14,Regular,11695,3.9,3,79,547868.16
1850,Books,27845,2,New,10135,4.2,3,32,873219.2
1851,Home Decor,48788,27,Premium,6722,3.9,6,86,3062910.64
1852,Home Decor,29187,6,Premium,12029,4.4,5,81,2222298.1799999997
1853,Sports,58336,10,Premium,11852,4.2,3,90,4725216.0
1854,Fashion,14237,9,New,12128,3.7,2,80,1036453.6000000001
1855,Home Decor,9823,8,Regular,5444,3.7,1,6,54222.96
1856,Home Decor,15729,13,New,8618,4.3,5,11,150526.53
1857,Fashion,44981,12,Regular,4947,4.9,1,30,1187498.4
1858,Fashion,9002,28,Premium,2676,4.0,3,94,609255.36
1859,Home Decor,58582,24,Premium,2196,4.6,5,92,4096053.44
1860,Fashion,52893,29,Regular,13297,4.5,4,80,3004322.4
1861,Home Decor,1045,24,Regular,3787,4.9,2,20,15884.0
1862,Home Decor,37614,1,New,8432,4.7,3,27,1005422.22
1863,Sports,29930,2,Premium,10653,4.3,3,44,1290581.5999999999
1864,Electronics,10496,6,New,8927,4.5,2,64,631439.36
1865,Home Decor,28288,20,New,4318,4.8,2,77,1742540.8
1866,Grocery,30469,17,New,9858,4.1,4,36,910413.72
1867,Books,49043,2,Premium,7689,4.0,3,19,913180.66
1868,Toys,14419,9,New,14810,3.5,6,17,223061.93000000002
1869,Electronics,4310,21,New,3176,4.7,3,9,30644.100000000002
1870,Electronics,31086,28,New,4743,4.7,1,79,1768171.68
1871,Electronics,40474,6,New,9792,3.7,5,78,2967553.6799999997
1872,Sports,42273,8,New,11844,4.4,5,56,2177904.96
1873,Home Decor,16871,16,New,5422,4.2,1,81,1147902.8399999999
1874,Sports,45584,10,Premium,4824,3.7,5,45,1846152.0
1875,Home Decor,30129,6,New,13098,5.0,2,57,1614311.8199999998
1876,Sports,51684,23,Regular,10171,3.8,5,54,2149020.72
1877,Sports,8936,27,New,3451,3.6,5,19,123942.31999999999
1878,Books,13484,13,New,1628,4.4,1,11,129041.88
1879,Grocery,33539,18,Premium,10821,4.6,4,44,1210087.12
1880,Sports,20395,3,Premium,8778,3.5,5,32,633060.7999999999
1881,Books,18655,25,Regular,4696,4.5,6,36,503685.0
1882,Fashion,59106,5,Regular,12622,4.3,5,19,1066863.3
1883,Grocery,11116,9,Premium,4674,3.7,4,89,900284.8400000001
1884,Sports,37629,6,Premium,4929,3.8,1,74,2617473.2399999998
1885,Toys,40337,12,New,3765,4.4,4,69,2449262.64
1886,Electronics,50572,13,Premium,5369,3.9,1,8,351981.12
1887,Fashion,25074,3,Regular,13972,4.9,2,15,364826.7
1888,Fashion,3930,7,New,9307,4.7,1,30,109646.99999999999
1889,Books,54087,4,Regular,5956,5.0,2,65,3375028.8
1890,Fashion,13176,0,New,11195,3.9,2,41,540216.0
1891,Grocery,11316,3,Premium,1692,5.0,1,27,296366.04
1892,Sports,33233,2,Regular,4162,4.1,6,97,3159128.98
1893,Sports,20644,8,New,2105,4.0,3,89,1690330.72
1894,Toys,2550,7,New,4008,3.6,1,95,225292.49999999997
1895,Electronics,44960,0,Premium,3161,3.6,5,44,1978240.0
1896,Books,34433,26,Premium,9345,4.5,6,81,2063914.02
1897,Electronics,25451,5,Premium,14715,4.2,6,27,652818.15
1898,Fashion,32913,8,Regular,4699,3.8,5,20,605599.2000000001
1899,Toys,35301,6,New,14577,4.4,3,98,3251928.1199999996
1900,Electronics,56119,3,Premium,13602,3.9,6,65,3538302.9499999997
1901,Grocery,33413,12,Regular,4786,4.4,2,72,2117047.68
1902,Sports,47537,16,Regular,10256,4.0,3,84,3354210.7199999997
1903,Fashion,54040,27,Regular,5200,4.7,5,35,1380722.0
1904,Toys,41100,1,Premium,2913,4.7,3,57,2319273.0
1905,Electronics,58275,27,Premium,10408,4.2,1,29,1233681.75
1906,Books,25780,4,New,6520,4.0,3,48,1187942.4
1907,Grocery,25057,11,New,11593,4.0,2,16,356811.68
1908,Grocery,47554,26,Premium,2772,4.7,1,94,3307856.2399999998
1909,Electronics,35900,20,Regular,11152,4.0,4,96,2757120.0
1910,Sports,4994,7,Regular,3780,3.8,5,13,60377.46
1911,Electronics,15652,5,Regular,14891,3.6,5,16,237910.4
1912,Fashion,57708,7,New,13996,4.2,3,73,3917796.1199999996
1913,Electronics,24395,17,Regular,8423,4.2,6,58,1174375.3
1914,Grocery,9655,2,New,13938,4.8,1,58,548790.2
1915,Toys,32383,21,New,3871,3.8,4,32,818642.24
1916,Electronics,43694,11,Regular,14234,4.1,1,60,2333259.6
1917,Sports,43501,28,Regular,1660,4.7,5,73,2286412.56
1918,Toys,2328,25,Premium,7242,4.7,1,81,141426.0
1919,Books,59952,2,Premium,11827,4.1,4,62,3642683.52
1920,Home Decor,45528,21,Regular,11521,4.2,6,82,2949303.8400000003
1921,Electronics,42398,5,New,13146,4.0,3,79,3181969.9
1922,Sports,32623,1,New,11642,4.9,2,46,1485651.42
1923,Toys,38073,22,New,2132,3.7,1,42,1247271.48
1924,Sports,1306,11,New,1699,4.9,2,72,83688.48
1925,Books,59307,1,New,8470,4.5,5,57,3346694.01
1926,Grocery,57138,5,Premium,11230,4.3,3,37,2008400.7
1927,Sports,41470,16,Regular,7297,3.5,3,75,2612610.0
1928,Toys,30257,2,Premium,13839,4.2,1,60,1779111.5999999999
1929,Sports,35136,1,New,8812,4.1,6,76,2643632.64
1930,Sports,15061,22,New,13692,3.7,3,55,646116.9
1931,Sports,48780,29,New,5557,4.5,1,78,2701436.4
1932,Fashion,24762,19,New,3179,5.0,1,47,942689.3400000001
1933,Fashion,15399,7,Regular,12030,4.3,2,19,272100.32999999996
1934,Grocery,55342,21,New,10065,4.6,3,42,1836247.56
1935,Electronics,57479,11,Regular,9275,3.6,1,19,971969.89
1936,Sports,49488,25,New,2422,4.1,2,9,334044.0
1937,Books,16434,3,Regular,11867,3.7,4,97,1546275.06
1938,Electronics,38697,4,Premium,4180,4.4,2,87,3231973.44
1939,Books,42344,12,New,5316,4.9,2,58,2161237.7600000002
1940,Electronics,36832,28,Regular,13167,4.5,1,55,1458547.2
1941,Grocery,34657,14,Premium,7696,3.6,5,14,417270.27999999997
1942,Sports,12093,24,New,10583,4.0,5,16,147050.88
1943,Sports,40542,22,New,12410,4.3,6,8,252982.08000000002
1944,Home Decor,50476,15,New,13399,4.1,5,99,4247555.399999999
1945,Books,51917,9,Regular,1614,4.8,2,22,1039378.3400000001
1946,Electronics,17820,29,Regular,14869,4.7,6,84,1062784.8
1947,Electronics,27876,29,Premium,12163,4.4,1,40,791678.3999999999
1948,Fashion,44013,24,Regular,12757,4.1,3,29,970046.52
1949,Home Decor,56054,22,Regular,12768,3.9,2,91,3978712.92
1950,Toys,14699,15,New,5570,3.7,2,80,999532.0
1951,Toys,53497,11,New,1270,4.0,6,40,1904493.2
1952,Fashion,16376,16,New,13258,4.1,1,71,976664.64
1953,Fashion,51448,15,New,3468,4.5,4,13,568500.4
1954,Fashion,8745,11,New,10582,4.5,2,65,505898.25
1955,Books,7714,7,New,12546,3.6,4,57,408919.13999999996
1956,Books,1226,19,New,13327,4.1,4,22,21847.32
1957,Grocery,52388,2,Premium,14281,3.8,5,47,2412991.28
1958,Grocery,47100,15,Premium,4607,3.7,1,39,1561365.0
1959,Fashion,11862,29,Premium,11775,4.7,4,67,564275.34
1960,Home Decor,18797,12,Premium,13265,3.6,1,82,1356391.52
1961,Electronics,30948,22,New,4075,4.1,5,8,193115.52000000002
1962,Books,26672,27,Premium,13098,3.8,1,97,1888644.32
1963,Home Decor,43374,18,New,1289,4.8,2,45,1600500.6
1964,Sports,8157,7,Premium,9120,4.3,4,49,371714.49
1965,Books,19350,21,Regular,11672,3.8,1,54,825471.0
1966,Books,25925,4,Premium,7614,4.3,3,83,2065704.0
1967,Grocery,27185,19,Premium,4252,4.6,1,32,704635.2000000001
1968,Electronics,56964,7,New,8415,4.9,4,46,2436919.92
1969,Electronics,47819,23,Premium,7771,3.8,5,84,3092932.92
1970,Toys,25078,11,Regular,1278,4.8,5,80,1785553.6
1971,Toys,29331,0,New,12116,4.9,4,73,2141163.0
1972,Toys,8406,24,New,1580,4.9,2,5,31942.8
1973,Toys,54528,29,Premium,5958,4.5,2,43,1664739.8399999999
1974,Sports,7787,20,New,9445,4.4,5,94,585582.4
1975,Sports,34160,19,New,5276,4.1,5,21,581061.6000000001
1976,Books,10722,5,New,8997,4.6,4,95,967660.5
1977,Fashion,37943,21,New,5776,4.3,2,92,2757697.24
1978,Grocery,35201,17,New,1824,4.5,5,39,1139456.3699999999
1979,Grocery,18264,7,New,4832,4.1,2,50,849276.0
1980,Toys,45141,6,Regular,9891,4.6,5,46,1951896.8399999999
1981,Books,18174,0,Premium,6445,4.7,1,43,781482.0
1982,Home Decor,18524,20,Regular,2380,3.7,3,94,1393004.8
1983,Fashion,46507,15,New,13088,4.7,6,53,2095140.3499999999
1984,Books,24374,11,New,10865,4.3,1,66,1431728.76
1985,Fashion,44142,5,Premium,11919,4.8,6,42,1761265.7999999998
1986,Fashion,58831,19,Regular,7534,4.1,5,27,1286633.97
1987,Fashion,32784,1,Premium,14926,4.1,3,26,843860.16
1988,Books,18102,28,Regular,4156,4.9,3,8,104267.51999999999
1989,Toys,38284,13,New,12580,3.9,5,53,1765275.24
1990,Grocery,23765,3,Premium,5307,4.8,5,63,1452279.15
1991,Grocery,26431,0,Premium,6634,4.2,2,77,2035187.0
1992,Toys,29341,22,New,9575,4.3,5,72,1647790.56
1993,Fashion,29692,17,Premium,6810,4.0,4,75,1848327.0
1994,Home Decor,47042,12,Regular,9533,4.4,5,91,3767123.36
1995,Electronics,43020,1,Regular,6934,4.0,4,6,255538.8
1996,Books,59262,8,Regular,11179,3.6,5,53,2889615.12
1997,Electronics,50606,20,Regular,13251,3.9,2,92,3724601.6
1998,Toys,16085,1,New,14131,3.5,4,99,1576490.85
1999,Home Decor,26059,26,Premium,4109,5.0,1,35,674928.1
2000,Books,40559,24,Regular,5082,4.9,4,44,1356292.96
